{
  "code": 200,
  "data": [{
      "id": "0",
      "createTime": "2023-04-27 09:45:52",
      "updateTime": "2023-05-10 16:11:13",
      "name": "管理员",
      "status": 1,
      "type": 0
    },
    {
      "id": "1",
      "createTime": "2023-04-27 09:45:52",
      "updateTime": "2023-05-10 16:11:14",
      "name": "项目经理",
      "status": 1,
      "type": 0
    },
    {
      "id": "2",
      "createTime": "2023-04-27 09:45:52",
      "updateTime": "2023-05-10 16:11:14",
      "name": "部门经理",
      "status": 1,
      "type": 0
    },
    {
      "id": "3",
      "createTime": "2023-04-27 09:45:52",
      "updateTime": "2023-05-10 16:11:15",
      "name": "优化师",
      "status": 1,
      "type": 0
    },
    {
      "id": "4",
      "createTime": "2023-04-27 09:45:52",
      "updateTime": "2023-05-10 16:11:17",
      "name": "客户",
      "status": 1,
      "type": 0
    },
    {
      "id": "5",
      "createTime": "2023-05-08 14:37:09",
      "updateTime": "2023-05-08 14:37:09",
      "name": "剪辑师",
      "status": 1,
      "type": 0,
    }
  ],
  "msg": "成功"
}