{
  "code": 200,
  "data": function({
    _req
  }) {
    let header = _req.header;
    if (header['x-access-token'] === 'bqddxxwqmfncffacvbpkuxvwvqrhln') {
      return {
        "authButton": ["add", "edit", "delete", "import", "export"],
        "useProTable": ["add", "batchAdd", "export", "batchDelete", "status"]
      }
    }
    if (header['x-access-token'] === 'unufvdotdqxuzfbdygovfmsbftlvbn') {
      return {
        "authButton": ["add", "edit", "delete", "import", "export", "batchAdd"],
      }
    }
  },
  "msg": "成功"
}