{
  "code": 200,
  "data": function({
    _req,
    Mock
  }) {
    let query = _req.body;
    if (query.username || query.gender || query.age || query.idCard || query.email || query.status !== undefined) {
      return Mock.mock({
        "list|10": [{
          "id": "@string(number,18)",
          "username": query.username ? query.username : "@cname",
          "rolename|1": [
            '管理员', '项目经理', '部门经理', '优化师', '客户', '剪辑师'
          ],
          "gender": query.gender ? query.gender : "@integer(1, 2)",
          "user": {
            "detail": {
              "age": query.age ? query.age : "@integer(10,30)",
            }
          },
          "idCard": query.idCard ? query.idCard : "@id",
          "email": query.email ? query.email : "@email",
          "address": "@city(true)",
          "createTime": "@date @time",
          "status": query.status !== undefined ? query.status : "@integer(0, 1)",
          "avatar": [
            "https://i.imgtg.com/2023/01/16/QRBHS.jpg",
            "https://i.imgtg.com/2023/01/16/QRqMK.jpg",
            "https://i.imgtg.com/2023/01/16/QR57a.jpg",
            "https://i.imgtg.com/2023/01/16/QRa0s.jpg"
          ],
          "introduction|1": [
             "https://prod-streaming-video-msn-com.akamaized.net/fb194c01-2ff6-4b4e-afbd-a00289124c4c/af7a74f5-5cb6-423e-b428-d05c0d36478d.mp4",
             "https://prod-streaming-video-msn-com.akamaized.net/66dcf148-272c-408c-82fc-b80bc8d0d533/be559c34-a832-4fc4-9573-02e896ba9c0b.mp4",
             "https://prod-streaming-video-msn-com.akamaized.net/da8b8a96-5a73-4a17-8ed8-960b8cd5afb1/30223688-167c-48a2-aa96-9764378a92d4.mp4"
          ]
        }],
        "pageNum": Number(query.pageNum),
        "pageSize": Number(query.pageSize),
        "total": 18
      })
    } else if (query.pageSize == 25) {
      return Mock.mock({
        "list|25": [{
          "id": "@string(number,18)",
          "username": query.username ? query.username : "@cname",
          "rolename|1": [
            '管理员', '项目经理', '部门经理', '优化师', '客户', '剪辑师'
          ],
          "gender": query.gender ? query.gender : "@integer(1, 2)",
          "user": {
            "detail": {
              "age": query.age ? query.age : "@integer(10,30)",
            }
          },
          "idCard": query.idCard ? query.idCard : "@id",
          "email": query.email ? query.email : "@email",
          "address": "@city(true)",
          "createTime": "@date @time",
          "status": query.status !== undefined ? query.status : "@integer(0, 1)",
          "avatar": [
            "https://i.imgtg.com/2023/01/16/QRBHS.jpg",
            "https://i.imgtg.com/2023/01/16/QRqMK.jpg",
            "https://i.imgtg.com/2023/01/16/QR57a.jpg",
            "https://i.imgtg.com/2023/01/16/QRa0s.jpg"
          ],
          "introduction|1": [
             "https://prod-streaming-video-msn-com.akamaized.net/fb194c01-2ff6-4b4e-afbd-a00289124c4c/af7a74f5-5cb6-423e-b428-d05c0d36478d.mp4",
             "https://prod-streaming-video-msn-com.akamaized.net/66dcf148-272c-408c-82fc-b80bc8d0d533/be559c34-a832-4fc4-9573-02e896ba9c0b.mp4",
             "https://prod-streaming-video-msn-com.akamaized.net/da8b8a96-5a73-4a17-8ed8-960b8cd5afb1/30223688-167c-48a2-aa96-9764378a92d4.mp4"
          ]
        }],
        "pageNum": Number(query.pageNum),
        "pageSize": Number(query.pageSize),
        "total": 2000
      })
    } else if (query.pageSize == 50) {
      return Mock.mock({
        "list|50": [{
          "id": "@string(number,18)",
          "username": query.username ? query.username : "@cname",
          "rolename|1": [
            '管理员', '项目经理', '部门经理', '优化师', '客户', '剪辑师'
          ],
          "gender": query.gender ? query.gender : "@integer(1, 2)",
          "user": {
            "detail": {
              "age": query.age ? query.age : "@integer(10,30)",
            }
          },
          "idCard": query.idCard ? query.idCard : "@id",
          "email": query.email ? query.email : "@email",
          "address": "@city(true)",
          "createTime": "@date @time",
          "status": query.status !== undefined ? query.status : "@integer(0, 1)",
          "avatar": [
            "https://i.imgtg.com/2023/01/16/QRBHS.jpg",
            "https://i.imgtg.com/2023/01/16/QRqMK.jpg",
            "https://i.imgtg.com/2023/01/16/QR57a.jpg",
            "https://i.imgtg.com/2023/01/16/QRa0s.jpg"
          ],
          "introduction|1": [
             "https://prod-streaming-video-msn-com.akamaized.net/fb194c01-2ff6-4b4e-afbd-a00289124c4c/af7a74f5-5cb6-423e-b428-d05c0d36478d.mp4",
             "https://prod-streaming-video-msn-com.akamaized.net/66dcf148-272c-408c-82fc-b80bc8d0d533/be559c34-a832-4fc4-9573-02e896ba9c0b.mp4",
             "https://prod-streaming-video-msn-com.akamaized.net/da8b8a96-5a73-4a17-8ed8-960b8cd5afb1/30223688-167c-48a2-aa96-9764378a92d4.mp4"
          ]
        }],
        "pageNum": Number(query.pageNum),
        "pageSize": Number(query.pageSize),
        "total": 2000
      })
    } else if (query.pageSize == 100) {
      return Mock.mock({
        "list|100": [{
          "id": "@string(number,18)",
          "username": query.username ? query.username : "@cname",
          "rolename|1": [
            '管理员', '项目经理', '部门经理', '优化师', '客户', '剪辑师'
          ],
          "gender": query.gender ? query.gender : "@integer(1, 2)",
          "user": {
            "detail": {
              "age": query.age ? query.age : "@integer(10,30)",
            }
          },
          "idCard": query.idCard ? query.idCard : "@id",
          "email": query.email ? query.email : "@email",
          "address": "@city(true)",
          "createTime": "@date @time",
          "status": query.status !== undefined ? query.status : "@integer(0, 1)",
          "avatar": [
            "https://i.imgtg.com/2023/01/16/QRBHS.jpg",
            "https://i.imgtg.com/2023/01/16/QRqMK.jpg",
            "https://i.imgtg.com/2023/01/16/QR57a.jpg",
            "https://i.imgtg.com/2023/01/16/QRa0s.jpg"
          ],
          "introduction|1": [
             "https://prod-streaming-video-msn-com.akamaized.net/fb194c01-2ff6-4b4e-afbd-a00289124c4c/af7a74f5-5cb6-423e-b428-d05c0d36478d.mp4",
             "https://prod-streaming-video-msn-com.akamaized.net/66dcf148-272c-408c-82fc-b80bc8d0d533/be559c34-a832-4fc4-9573-02e896ba9c0b.mp4",
             "https://prod-streaming-video-msn-com.akamaized.net/da8b8a96-5a73-4a17-8ed8-960b8cd5afb1/30223688-167c-48a2-aa96-9764378a92d4.mp4"
          ]
        }],
        "pageNum": Number(query.pageNum),
        "pageSize": Number(query.pageSize),
        "total": 2000
      })
    } else {
      return Mock.mock({
        "list|10": [{
          "id": "@string(number,18)",
          "username": query.username ? query.username : "@cname",
          "rolename|1": [
            '管理员', '项目经理', '部门经理', '优化师', '客户', '剪辑师'
          ],
          "gender": query.gender ? query.gender : "@integer(1, 2)",
          "user": {
            "detail": {
              "age": query.age ? query.age : "@integer(10,30)",
            }
          },
          "idCard": query.idCard ? query.idCard : "@id",
          "email": query.email ? query.email : "@email",
          "address": "@city(true)",
          "createTime": "@date @time",
          "status": query.status !== undefined ? query.status : "@integer(0, 1)",
          "avatar": [
            "https://i.imgtg.com/2023/01/16/QRBHS.jpg",
            "https://i.imgtg.com/2023/01/16/QRqMK.jpg",
            "https://i.imgtg.com/2023/01/16/QR57a.jpg",
            "https://i.imgtg.com/2023/01/16/QRa0s.jpg"
          ],
          "introduction|1": [
             "https://prod-streaming-video-msn-com.akamaized.net/fb194c01-2ff6-4b4e-afbd-a00289124c4c/af7a74f5-5cb6-423e-b428-d05c0d36478d.mp4",
             "https://prod-streaming-video-msn-com.akamaized.net/66dcf148-272c-408c-82fc-b80bc8d0d533/be559c34-a832-4fc4-9573-02e896ba9c0b.mp4",
             "https://prod-streaming-video-msn-com.akamaized.net/da8b8a96-5a73-4a17-8ed8-960b8cd5afb1/30223688-167c-48a2-aa96-9764378a92d4.mp4"
          ]
        }],
        "pageNum": Number(query.pageNum),
        "pageSize": Number(query.pageSize),
        "total": 2000
      })
    }
  },
  "msg": "成功"
}